X,Y,elevasi,azimuth,dip,polarity,formation
649411.4723,9657446.212,43.76621111,90,0,0,pbc
649411.4723,9657446.212,43.70009922,90,0,0,pirit
649411.4723,9657446.212,43.99496324,90,0,0,ndl
