X,Y,Z,azimuth,dip,polarity,formation
649818.283867,9655588.66938,43.53399,282,0.05,1,pbc
649818.283867,9655588.66938,43.522979,277,0.04,1,pirit
649818.283867,9655588.66938,43.330472887126,174,0.06,1,ndl
